record_id,content,desc,create_time,type,class,extra
,"git init 初始化仓库 git clone [url] 克隆远程库 git add [file] 添加文件到暂存区 git commit -m ""msg"" 提交到本地仓库 git status 查看状态 git pull 拉取远程更新 git push 推送本地提交 git branch 查看分支 git checkout -b [branch] 创建切换分支 git merge [branch] 合并分支 git log 查看提交历史 git reset --hard [commit] 版本回退 git stash 临时保存修改
 .gitignore 定义忽略文件","git init 初始化仓库 git clone [url] 克隆远程库 git add [file] 添加文件到暂存区 git commit -m ""msg"" 提交到本地仓库 git status 查看状态 git pull 拉取远程更新 git push 推送本地提交 git branch 查看分支 git checkout -b [branch] 创建切换分支 git merge [branch] 合并分支 git log 查看提交历史 git reset --hard [commit] 版本回退 git stash 临时保存修改
 .gitignore 定义忽略文件",2025-06-20 10:23:44.256353,text,,
,"[{'role': 'user', 'content': 'https://zhuanlan.zhihu.com/p/637960746'}]","该网页是知乎专栏文章《CMU 15-445/645 (Spring 2023) Database Systems 通关指北》，作者为Michael Xu。  

### **内容总结**  
1. **课程推荐与背景**：  
   - 介绍CMU开源数据库课程15-445/645（2023年春季），强调其资源丰富（含讲义、作业、自动评测系统等），相当于“免费享受CMU课程体验”，感谢课程团队及开源贡献者。  

2. **学习经验与建议**：  
   - **核心方法**：推荐“独立完成”，即仅使用课程自带资料（讲义、2022年秋季 lecture 视频、刘学一的笔记专栏等），不参考外部解决方案，通过自建测试、分析日志、复现错误等方式调试代码。  
   - **问题解决**：建议先查阅课程Discord社区历史记录，若未找到答案再按“提问的智慧”原则提问。  
   - **心态**：强调“相信机器正确”“Bug可复现可解决”，需掌握合适的调试工具与方法。  

3. **其他推荐**：  
   - 提及《CS自救指北》《BusTub养成记》《上海交通大学生存手册》等资源，认为对学习有启发。  

### **用途**  
- **课程推广**：向数据库学习者推荐CMU 15-445/645这门高质量开源课程。  
- **学习指南**：分享作者独立通关课程的经验，提供具体学习方法（如调试技巧、资源使用），帮助读者高效完成课程项目（如B+树等实验）。  
- **社区引导**：引导学习者合理利用课程配套资源（如Discord社区）解决问题，培养自主解决问题的能力。  

整体定位为“数据库课程自学攻略”，适合希望系统学习数据库原理并实践的学生或开发者参考。",2025-06-20 11:11:10.594255,url,,
,https://zhuanlan.zhihu.com/p/637960746,"该网页是知乎专栏文章《CMU 15-445/645 (Spring 2023) Database Systems 通关指北》，作者为Michael Xu。  

### 内容总结：  
1. **课程推荐**：介绍卡内基梅隆大学（CMU）的数据库系统课程15-445/645（2023年春季学期），强调其开源资源（如课程讲义、作业、自动评分系统Autograder、Discord社区）的高质量和完整性，使全球学习者能获得接近CMU本校学生的学习体验。  
2. **创作背景**：作者感谢课程开源贡献者（如@Andy、@cmu-db），并提及受其他技术博客（如《CS自救指北》《BusTub养成记》）启发，希望通过本文推荐课程并分享个人学习经验。  
3. **学习方法**：  
   - **核心原则**：主张“独立完成”，不建议参考外部解决方案，以培养代码责任意识和调试能力。  
   - **资源使用**：仅依赖课程自带资料（讲义、2022年秋季 lecture视频、刘学一的Notes专栏），通过构建测试用例、复现报错日志、对比本地与Web端结果定位问题。  
   - **社区支持**：推荐利用Discord社区搜索历史讨论或提问（需遵循“提问的智慧”）。  

### 用途：  
- **课程推广**：向数据库学习者推荐CMU 15-445/645这门优质开源课程，降低学习门槛。  
- **学习指南**：分享通关经验，指导学习者如何高效利用课程资源、独立解决问题，提升数据库系统实践能力。  
- **价值观传递**：强调开源精神、独立思考和调试能力的重要性，鼓励学习者以严谨态度对待技术学习。",2025-06-20 18:35:29.385844,url,,
,/Users/rain/Project/llm/favorbot/data/images/test1.png,"这是知乎上一篇题为《Qdrant 向量数据库快速上手 1：Qdrant 简介》的文章截图，作者为北京大学计算机技术硕士王几行XING，主要介绍了Qdrant向量数据库的核心优势及基础信息，具体内容如下：


### **一、文章结构（目录）**  
文章分为四大模块：  
1. **Why Qdrant?**（为何选择Qdrant）  
2. **基础概念解读**（含Qdrant正确读法、Collection、Payload、Points等核心概念）  
3. **快速建立数据库**（支持Google Colab/本地Jupyter、本地Docker+Jupyter Lab等环境）  
4. **增删查改**（数据操作方法）  


### **二、核心内容：Why Qdrant?**  
当前页面重点阐述Qdrant的优势，包含以下关键信息：  


#### **1. 性能对比与数据背景**  
- **更新时间**：2024年1月  
- **测试数据集**：dpedia-openai-1M-1536-angular（1000万条1536维向量数据）  
- **测试指标**：对比了不同向量数据库的搜索性能，包括RPS（每秒请求数）、Latency（延迟）、p95 latency（95%分位延迟）、index time（索引时间）  
- **对比对象**：classichsearch、milvus、qdrant、redis、weaviate等主流向量数据库（通过折线图展示不同准确率（Precision）下的RPS表现，Qdrant以红色线标注）  


#### **2. Qdrant核心优势（文章总结）**  
- **性能领先**：达到SOTA（当前最佳）级别，尤其在高准确率场景下吞吐量（RPS）表现突出。  
- **部署灵活**：支持内存、硬盘、Docker、Cloud等多种运行模式，适配不同资源环境。  
- **操作便捷**：支持数据的增删查改等基础操作，接口友好。  
- **多模态与RAG支持**：兼容多模态数据库场景，结合Aleph Alpha embedding技术，可用于检索增强生成（RAG）等应用。  


#### **3. 官方强调的优势**  
- **高性能与可扩展性**：兼具高吞吐量和低延迟，支持大规模数据扩展。  
- **易用API**：接口设计简洁，降低开发门槛。  
- **资源高效利用**：优化存储和计算资源，减少冗余消耗。  
- **算法与功能强大**：通过独特检索算法实现快速准确搜索，支持复杂数据类型（如向量+结构化数据）和多条件查询。  


### **总结**  
文章通过性能对比、功能特性和官方优势的梳理，突出Qdrant作为向量数据库在性能、灵活性、易用性和扩展性上的竞争力，适合需要高效向量检索（如RAG、多模态应用）的场景。",2025-06-20 18:55:04.641098,image,,
,/Users/rain/Project/llm/favorbot/data/images/test1.png,"图片内容是知乎上一篇题为《Qdrant 向量数据库快速上手 1：Qdrant 简介》的文章，作者为王几行XING（北京大学计算机技术硕士），16人赞同，更新于2024年1月。以下是核心内容总结：


### **一、文章结构（目录）**  
包含“Why Qdrant?”、基础概念解读（如Qdrant正确读法、Collection、Payload、Points）、快速建立数据库（Google Colab/本地Jupyter、本地Docker+Jupyter Lab）、增删查改等板块。


### **二、核心内容：Why Qdrant?**  
#### 1. **性能对比图表**  
文中展示了基于数据集“dpedia-openai-1M-1536-angular”的性能对比，搜索线程100，指标涵盖RPS（每秒查询数）、Latency（延迟）、p95 latency（95%查询延迟）、index time（索引时间），对比对象包括classicsearch、milvus、qdrant、redis、weaviate等，通过Precision（准确率）与性能的关系曲线，直观体现Qdrant的性能表现。


#### 2. **Qdrant的核心优势（用户总结）**  
- **性能优异**：达到SOTA（当前最优）级别；  
- **部署灵活**：支持内存、硬盘、Docker、Cloud等多种运行模式；  
- **操作便捷**：方便进行数据的增删查改；  
- **多模态支持**：支持多模态数据库/RAG（结合Aleph Alpha embedding技术）。


#### 3. **官方介绍的优点**  
- **高性能与可扩展性**：兼具高效性能和高扩展能力；  
- **易用API**：提供易于使用的接口；  
- **资源高效利用**：优化资源消耗；  
- **算法优势**：通过独特算法实现快速准确搜索，支持复杂数据类型和查询条件。


整体来看，文章旨在通过性能对比和优势梳理，介绍Qdrant向量数据库的核心价值与使用场景，为快速上手提供基础认知。",2025-06-20 19:02:13.711076,image,,
,/Users/rain/Project/llm/favorbot/data/images/test1.png,"图片内容是知乎上一篇题为《Qdrant 向量数据库快速上手 1：Qdrant 简介》的文章，作者为王几行XING（北京大学计算机技术硕士），16人赞同，更新于2024年1月。


### 核心内容围绕“为什么选择Qdrant”展开，主要包括：  
#### 1. 性能对比图表  
展示了Qdrant与其他向量数据库（如elasticsearch、milvus、redis、weaviate等）的性能对比。数据集为“dpedia-openai-1M-1536-angular”，搜索线程100，核心指标包括RPS（每秒查询率）、Latency（延迟）、p95 latency（95%延迟）、index time（索引时间），并标注了Precision cutoff（精度阈值）。图表通过不同颜色曲线对比各数据库性能，直观体现Qdrant的性能表现。  


#### 2. Qdrant的核心优势（用户总结）  
- **性能优异**：达到sota（当前最佳）级别；  
- **部署灵活**：支持内存、硬盘、Docker、Cloud等多种使用模式；  
- **操作便捷**：方便进行数据的增删查改；  
- **功能扩展**：支持多模态数据库/RAG（结合Aleph Alpha embedding技术）。  


#### 3. 官方介绍的优点  
- 高性能和高可扩展性，提供易于使用的API；  
- 资源有效利用；  
- 通过独特算法实现快速准确的搜索，支持复杂数据类型和查询条件。  


#### 4. 文章目录结构  
包含“Why Qdrant?”、基础概念解读（如Qdrant正确读法、Collection、Payload、Points）、快速建立数据库（Google Colab/本地Jupyter、本地Docker+Jupyter Lab）、增删查改等章节，后续将围绕这些内容展开Qdrant的快速上手教程。",2025-06-20 19:04:04.839624,image,,
,/Users/rain/Project/llm/favorbot/data/images/test1.png,"图片内容是知乎上一篇题为《Qdrant 向量数据库快速上手 1：Qdrant 简介》的技术文章，作者为北京大学计算机技术硕士王几行XING，已有16人赞同，更新时间为2024年1月。以下是主要内容梳理：


### **一、核心章节：Why Qdrant?**  
该部分通过对比实验数据和官方特性，阐述Qdrant向量数据库的优势，具体包括：  


#### 1. 性能对比图表  
基于数据集“dpedia-openai-1M-1536-angular”（100搜索线程），对比了不同向量数据库工具（classichsearch、milvus、qdrant、redis、weaviate）的性能指标（如RPS、Latency、p95 latency、index time），图表中不同颜色线条代表各工具性能曲线，直观展示Qdrant的性能表现。  


#### 2. Qdrant核心优势（作者总结）  
- **性能优异**：达到SOTA（当前最佳）级别；  
- **部署灵活**：支持内存、硬盘、Docker、Cloud等多种使用模式；  
- **操作便捷**：方便进行数据的增删查改；  
- **多模态与RAG支持**：结合Aleph Alpha embedding技术，支持多模态数据库及检索增强生成（RAG）应用。  


#### 3. 官方介绍的优点  
- **高性能与高扩展性**，并提供易于使用的API；  
- **资源有效利用**；  
- **独特算法**：实现快速准确的搜索，且支持复杂数据类型和查询条件。  


### **二、文章目录结构**  
左侧目录显示文章后续内容规划，包括：  
- **Why Qdrant?**（当前章节）；  
- **基础概念解读**：Qdrant的正确读法（quad-d…）、Collection（集合）、Payload（元数据）、Points（向量点）；  
- **快速建立数据库**：Google Colab/本地Jupyter环境、本地Docker + Jupyter Lab部署；  
- **增删查改**：数据操作方法。  


### 总结  
文章核心围绕“为什么选择Qdrant”展开，通过性能对比和特性总结，突出其在向量数据库中的优势，并规划了后续从基础概念到实操部署的完整学习路径。",2025-06-20 19:06:05.136634,image,,
,/Users/rain/Project/llm/favorbot/data/images/test1.png,"这是知乎上一篇题为《Qdrant 向量数据库快速上手 1：Qdrant 简介》的技术文章，作者为王几行XING（北京大学计算机技术硕士），16人赞同，更新于2024年1月。


### **文章主要内容**  
#### 1. **目录结构**  
文章围绕Qdrant向量数据库的入门展开，目录包括：  
- Why Qdrant?（为何选择Qdrant）  
- 基础概念解读（含Qdrant正确读法、Collection、Payload、Points等核心概念）  
- 快速建立数据库（支持Google Colab/本地Jupyter、本地Docker + Jupyter Lab等方式）  
- 增删查改（数据操作方法）  


#### 2. **Why Qdrant? 核心内容**  
- **性能对比图表**：基于数据集“dpedia-openai-1M-1536-angular”（100搜索线程），对比了classichsearch、milvus、qdrant、redis、weaviate等向量数据库的性能，指标包括RPS（每秒请求数）、Latency（延迟）、p95 latency（95%分位延迟）、index time（索引时间）。图表显示，在不同Precision（精度）下，Qdrant（红线）在较高精度时RPS表现突出，性能优势明显。  

- **Qdrant优势总结**：  
  - 性能较好，达到SOTA级别；  
  - 支持多模式部署：内存、硬盘、Docker、Cloud等；  
  - 数据操作便捷，支持增删查改；  
  - 支持多模态数据库/RAG（结合Aleph Alpha embedding技术）。  

- **官方介绍的优点**：  
  - 高性能与高扩展性，API易用；  
  - 资源利用高效；  
  - 通过独特算法实现快速准确搜索，支持复杂数据类型和查询条件。  


整体来看，文章旨在通过对比和核心优势解析，帮助读者快速了解Qdrant向量数据库的特点及使用价值。",2025-06-20 19:15:05.712422,image,,
,/Users/rain/Project/llm/favorbot/data/images/test1.png,"图片内容是知乎上一篇题为《Qdrant 向量数据库快速上手 1：Qdrant 简介》的技术文章，作者为王几行XING（北京大学计算机技术硕士），文章更新于2024年1月，主要围绕“为什么选择Qdrant向量数据库”展开介绍，包含性能对比、核心优势及内容结构等信息。


### **一、文章基本信息**  
- **平台**：知乎  
- **标题**：Qdrant 向量数据库快速上手 1：Qdrant 简介  
- **作者**：王几行XING（北京大学计算机技术硕士）  
- **互动数据**：16人赞同  


### **二、核心内容：Why Qdrant?**  
文章通过性能对比和优势总结，阐述Qdrant的核心价值，具体包括：  

#### 1. **性能对比图表**  
文中展示了基于数据集“dpdpe-opera1M-1536-angular”的性能对比图，测试条件为“搜索线程100”，指标涉及RPS（每秒查询数）、Latency（延迟）、p95 latency（95%延迟）、index time（索引时间）。图表对比了Qdrant与classichsearch、milvus、redis、weaviate等向量数据库在不同Precision（精度）下的表现，直观体现Qdrant的性能优势。  


#### 2. **Qdrant核心优势总结**  
- **性能领先**：达到SOTA（State-of-the-Art）级别，结合图表数据可推断其在查询速度、精度等关键指标上表现突出。  
- **部署灵活**：支持内存、硬盘、Docker、Cloud等多种运行模式，适配不同环境需求。  
- **操作便捷**：提供方便的增删查改功能，降低使用门槛。  
- **多模态与RAG支持**：兼容多模态数据库场景，支持RAG（检索增强生成），并结合Aleph Alpha embedding技术提升嵌入能力。  


#### 3. **官方优势补充**  
- **高性能与可扩展性**：具备高吞吐量和横向扩展能力，同时提供易于使用的API。  
- **资源高效利用**：优化资源占用，适合大规模数据场景。  
- **算法与功能强大**：通过独特算法实现快速准确的向量搜索，支持复杂数据类型和查询条件（如元数据过滤等）。  


### **三、文章结构（目录）**  
左侧目录显示文章后续内容还包括：  
- **基础概念解读**：Qdrant正确读法（quad-drant）、Collection（集合）、Payload（元数据）、Points（向量点）等核心概念。  
- **快速建立数据库**：涵盖Google Colab/本地Jupyter环境、本地Docker+Jupyter Lab等部署方式。  
- **增删查改**：具体操作指南。  


### **总结**  
该文章是Qdrant向量数据库的入门介绍，通过性能对比和优势分析突出其竞争力，并规划了从基础概念到实际操作的完整学习路径，适合希望快速上手Qdrant的技术人员参考。",2025-06-20 19:18:14.605382,image,,
